{"cameraMode":{"drawMode":0,"name":"Shaded","section":"Shading Mode"},"sceneLighting":true,"audioPlay":false,"sceneViewState":{"showFog":true,"showMaterialUpdate":false,"showSkybox":true,"showFlares":true,"showImageEffects":true,"showParticleSystems":true},"in2DMode":false,"pivot":{"x":-10.788741111755371,"y":6.146942615509033,"z":6.358840465545654},"rotation":{"x":-0.18183323740959168,"y":-0.7171856760978699,"z":0.203377366065979,"w":-0.64128577709198},"size":0.033974647521972659,"orthographic":false}