{"cameraMode":{"drawMode":0,"name":"Shaded","section":"Shading Mode"},"sceneLighting":true,"audioPlay":false,"sceneViewState":{"showFog":true,"showMaterialUpdate":false,"showSkybox":true,"showFlares":true,"showImageEffects":true,"showParticleSystems":true},"in2DMode":false,"pivot":{"x":2.9535422325134279,"y":2.9152743816375734,"z":-2.554248094558716},"rotation":{"x":-0.24488338828086854,"y":0.5130378603935242,"z":-0.15550106763839723,"w":-0.8078827261924744},"size":0.033974647521972659,"orthographic":false}